[{"model": "cricket.team", "pk": 1, "fields": {"slug": "mumbai_indians", "name": "Mumbai Indians", "logo_uri": "https://i.pinimg.com/originals/7c/48/6d/7c486d005cad46c1183efaa9249478cb.png", "club_state": "Mumbai"}}, {"model": "cricket.team", "pk": 2, "fields": {"slug": "delhi_daredevils", "name": "Delhi Daredevils", "logo_uri": "https://img.cricketnmore.com/uploads/2017/11/delhi-daredevils-lg.png", "club_state": "New Delhi"}}, {"model": "cricket.team", "pk": 3, "fields": {"slug": "kolkata_knight_riders", "name": "Kolkata Knight Riders", "logo_uri": "https://logosvector.net/wp-content/uploads/2014/01/kolkata-knight-riders-vector-logo.png", "club_state": "Kolkata"}}, {"model": "cricket.team", "pk": 4, "fields": {"slug": "rajasthan_royals", "name": "Rajasthan Royals", "logo_uri": "https://www.sportzpower.com/sites/default/files/2017-10/rr_logo.jpg", "club_state": "Rajasthan"}}, {"model": "cricket.playerhistory", "pk": 1, "fields": {"matches": "30", "run": "1029", "highest_scores": "101", "fifties": "43", "hundreds": "19"}}, {"model": "cricket.playerhistory", "pk": 2, "fields": {"matches": "400", "run": "4033", "highest_scores": "112", "fifties": "54", "hundreds": "23"}}, {"model": "cricket.playerhistory", "pk": 3, "fields": {"matches": "20", "run": "989", "highest_scores": "101", "fifties": "9", "hundreds": "2"}}, {"model": "cricket.playerhistory", "pk": 4, "fields": {"matches": "89", "run": "5000", "highest_scores": "121", "fifties": "50", "hundreds": "20"}}, {"model": "cricket.playerhistory", "pk": 5, "fields": {"matches": "198", "run": "4000", "highest_scores": "111", "fifties": "23", "hundreds": "14"}}, {"model": "cricket.playerhistory", "pk": 6, "fields": {"matches": "45", "run": "5009", "highest_scores": "143", "fifties": "40", "hundreds": "30"}}, {"model": "cricket.playerhistory", "pk": 7, "fields": {"matches": "67", "run": "6003", "highest_scores": "153", "fifties": "45", "hundreds": "39"}}, {"model": "cricket.playerhistory", "pk": 8, "fields": {"matches": "49", "run": "3983", "highest_scores": "153", "fifties": "29", "hundreds": "18"}}, {"model": "cricket.playerhistory", "pk": 9, "fields": {"matches": "76", "run": "7320", "highest_scores": "152", "fifties": "48", "hundreds": "30"}}, {"model": "cricket.playerhistory", "pk": 10, "fields": {"matches": "57", "run": "4284", "highest_scores": "123", "fifties": "28", "hundreds": "20"}}, {"model": "cricket.playerhistory", "pk": 11, "fields": {"matches": "34", "run": "2938", "highest_scores": "123", "fifties": "27", "hundreds": "18"}}, {"model": "cricket.playerhistory", "pk": 12, "fields": {"matches": "23", "run": "1822", "highest_scores": "101", "fifties": "8", "hundreds": "7"}}, {"model": "cricket.playerhistory", "pk": 13, "fields": {"matches": "10", "run": "122", "highest_scores": "67", "fifties": "1", "hundreds": "0"}}, {"model": "cricket.playerhistory", "pk": 14, "fields": {"matches": "64", "run": "3827", "highest_scores": "154", "fifties": "45", "hundreds": "36"}}, {"model": "cricket.playerhistory", "pk": 15, "fields": {"matches": "23", "run": "1986", "highest_scores": "126", "fifties": "21", "hundreds": "10"}}, {"model": "cricket.playerhistory", "pk": 16, "fields": {"matches": "12", "run": "363", "highest_scores": "62", "fifties": "2", "hundreds": "0"}}, {"model": "cricket.playerhistory", "pk": 17, "fields": {"matches": "17", "run": "643", "highest_scores": "109", "fifties": "9", "hundreds": "6"}}, {"model": "cricket.player", "pk": 1, "fields": {"slug": "steve-smith", "firstname": "Steve", "lastname": "Smith", "image_uri": "https://www.cricbuzz.com/a/img/v1/152x152/i1/c170624/steven-smith.jpg", "jersey_number": "10", "country": "Australia", "player_history": 1, "team": 4}}, {"model": "cricket.player", "pk": 2, "fields": {"slug": "ben-stokes", "firstname": "Ben", "lastname": "Stokes", "image_uri": "https://www.mykhel.com/img/2020/05/benstokes-1590499832.jpg", "jersey_number": "3", "country": "England", "player_history": 2, "team": 4}}, {"model": "cricket.player", "pk": 3, "fields": {"slug": "robin", "firstname": "Robin", "lastname": "Uthappa", "image_uri": "https://staticg.sportskeeda.com/wp-content/uploads/2012/08/76668926-1344504588.jpg", "jersey_number": "8", "country": "India", "player_history": 3, "team": 4}}, {"model": "cricket.player", "pk": 4, "fields": {"slug": "jos-buttler", "firstname": "Jos", "lastname": "Buttler", "image_uri": "https://images.newindianexpress.com/uploads/user/imagelibrary/2020/4/7/w900X450/Jos_Buttler_AP.jpg", "jersey_number": "1", "country": "England", "player_history": 4, "team": 4}}, {"model": "cricket.player", "pk": 5, "fields": {"slug": "david-miller", "firstname": "David", "lastname": "Miller", "image_uri": "https://st3.cricketcountry.com/wp-content/uploads/cricket/20140521030922.jpeg", "jersey_number": "5", "country": "South Africa", "player_history": 5, "team": 4}}, {"model": "cricket.player", "pk": 6, "fields": {"slug": "trent", "firstname": "Trent", "lastname": "Boult", "image_uri": "https://admin.thecricketer.com/weblab/sites/96c8b790-b593-bfda-0ba4-ecd3a9fdefc2/resources/images/site/trentboultheadshot-min.jpg", "jersey_number": "1", "country": "New Zealand", "player_history": 6, "team": 1}}, {"model": "cricket.player", "pk": 7, "fields": {"slug": "chris", "firstname": "Chris", "lastname": "Lynn", "image_uri": "https://www.cricbuzz.com/a/img/v1/152x152/i1/c154633/chris-lynn.jpg", "jersey_number": "3", "country": "Australia", "player_history": 7, "team": 1}}, {"model": "cricket.player", "pk": 8, "fields": {"slug": "jaspreet", "firstname": "Jaspreet", "lastname": "Bumrah", "image_uri": "https://static.toiimg.com/thumb/msid-72348425,imgsize-202196,width-400,resizemode-4/72348425.jpg", "jersey_number": "3", "country": "India", "player_history": 8, "team": 1}}, {"model": "cricket.player", "pk": 9, "fields": {"slug": "hardik", "firstname": "Hardik", "lastname": "Pandya", "image_uri": "https://www.cricbuzz.com/a/img/v1/152x152/i1/c170666/hardik-pandya.jpg", "jersey_number": "6", "country": "India", "player_history": 9, "team": 1}}, {"model": "cricket.player", "pk": 10, "fields": {"slug": "rishabh", "firstname": "Rishabh", "lastname": "Pant", "image_uri": "https://www.cricbuzz.com/a/img/v1/152x152/i1/c171010/rishabh-pant.jpg", "jersey_number": "7", "country": "India", "player_history": 10, "team": 2}}, {"model": "cricket.player", "pk": 11, "fields": {"slug": "chris-woakes", "firstname": "Chris", "lastname": "Woakes", "image_uri": "https://www.cricbuzz.com/a/img/v1/152x152/i1/c170964/chris-woakes.jpg", "jersey_number": "8", "country": "Enland", "player_history": 11, "team": 2}}, {"model": "cricket.player", "pk": 12, "fields": {"slug": "ishant", "firstname": "Ishant", "lastname": "Sharma", "image_uri": "https://st3.cricketcountry.com/wp-content/uploads/cricket/20160617015303.jpeg", "jersey_number": "5", "country": "India", "player_history": 12, "team": 2}}, {"model": "cricket.player", "pk": 13, "fields": {"slug": "axar", "firstname": "Axar", "lastname": "Patel", "image_uri": "https://p.imgci.com/db/PICTURES/CMS/205200/205285.1.jpg", "jersey_number": "10", "country": "India", "player_history": 13, "team": 2}}, {"model": "cricket.player", "pk": 14, "fields": {"slug": "dinesh", "firstname": "Dinesh", "lastname": "Kartik", "image_uri": "https://st3.cricketcountry.com/wp-content/uploads/cricket/20140521022939.jpeg", "jersey_number": "5", "country": "India", "player_history": 14, "team": 3}}, {"model": "cricket.player", "pk": 15, "fields": {"slug": "tom-banton", "firstname": "Tom", "lastname": "Banton", "image_uri": "https://p.imgci.com/db/PICTURES/CMS/304900/304936.jpg", "jersey_number": "2", "country": "Buckinghamshire", "player_history": 15, "team": 3}}, {"model": "cricket.player", "pk": 16, "fields": {"slug": "shubham", "firstname": "Shubham", "lastname": "Gill", "image_uri": "https://www.cricbuzz.com/a/img/v1/152x152/i1/c171042/shubman-gill.jpg", "jersey_number": "8", "country": "India", "player_history": 16, "team": 3}}, {"model": "cricket.player", "pk": 17, "fields": {"slug": "nitish", "firstname": "Nitish", "lastname": "Rana", "image_uri": "https://www.kreedon.com/wp-content/uploads/2019/04/Nitish-Rana.jpg", "jersey_number": "9", "country": "India", "player_history": 17, "team": 3}}, {"model": "cricket.match", "pk": 1, "fields": {"team1": 1, "team2": 2, "winner_team": 2, "schedule_date": "2020-08-21", "status": "Completed"}}, {"model": "cricket.match", "pk": 2, "fields": {"team1": 1, "team2": 3, "winner_team": 3, "schedule_date": "2020-08-21", "status": "Completed"}}, {"model": "cricket.match", "pk": 3, "fields": {"team1": 1, "team2": 4, "winner_team": 1, "schedule_date": "2020-08-23", "status": "Completed"}}, {"model": "cricket.match", "pk": 4, "fields": {"team1": 2, "team2": 3, "winner_team": null, "schedule_date": "2020-08-24", "status": "Draw"}}, {"model": "cricket.match", "pk": 5, "fields": {"team1": 2, "team2": 4, "winner_team": 2, "schedule_date": "2020-08-24", "status": "Completed"}}, {"model": "cricket.match", "pk": 6, "fields": {"team1": 3, "team2": 4, "winner_team": null, "schedule_date": "2020-09-05", "status": "Scheduled"}}, {"model": "cricket.match", "pk": 7, "fields": {"team1": 3, "team2": 1, "winner_team": null, "schedule_date": "2020-09-10", "status": "Scheduled"}}, {"model": "cricket.match", "pk": 8, "fields": {"team1": 4, "team2": 3, "winner_team": null, "schedule_date": "2020-09-14", "status": "Scheduled"}}]